Workbook

Sheet Hand Calculation
A1: Result Force | B1: =200*((15*(1-EXP(-2)))-(5*EXP(1/3))*($C$13-$G$13)) -> 1480.5685
A2: Application Point | B2: =((150-600*EXP(-2))+(25*EXP(1/3))*($C$13-$G$13))/(15*(1-EXP(-2))+(-(5*EXP(1/3))*($C$13-$G$13))) -> 13.053698
B13: Ei (-7/3) = | C13: =0.5772156649+LN(ABS(B15))+SUM(D15:D34) -> -0.031083391 | F13: Ei (-1/3) = | G13: =0.5772156649+LN(ABS(F15))+SUM(H15:H34) -> -0.82888775
B14: x | C14: k | D14: SUM | F14: x | G14: k | H14: SUM
B15: =-7/3 -> -2.3333333 | C15: 1 | D15: =($B$15^C15)/(C15*(FACT(C15))) -> -2.3333333 | F15: =-1/3 -> -0.33333333 | G15: 1 | H15: =($F$15^G15)/(G15*(FACT(G15))) -> -0.33333333
C16: 2 | D16: =($B$15^C16)/(C16*(FACT(C16))) -> 1.3611111 | G16: 2 | H16: =($F$15^G16)/(G16*(FACT(G16))) -> 0.027777778
C17: 3 | D17: =($B$15^C17)/(C17*(FACT(C17))) -> -0.70576132 | G17: 3 | H17: =($F$15^G17)/(G17*(FACT(G17))) -> -0.0020576132
C18: 4 | D18: =($B$15^C18)/(C18*(FACT(C18))) -> 0.30877058 | G18: 4 | H18: =($F$15^G18)/(G18*(FACT(G18))) -> 0.00012860082
C19: 5 | D19: =($B$15^C19)/(C19*(FACT(C19))) -> -0.11527435 | G19: 5 | H19: =($F$15^G19)/(G19*(FACT(G19))) -> -6.8587106e-06
C20: 6 | D20: =($B$15^C20)/(C20*(FACT(C20))) -> 0.037357428 | G20: 6 | H20: =($F$15^G20)/(G20*(FACT(G20))) -> 3.175329e-07
C21: 7 | D21: =($B$15^C21)/(C21*(FACT(C21))) -> -0.010673551 | G21: 7 | H21: =($F$15^G21)/(G21*(FACT(G21))) -> -1.2960526e-08
C22: 8 | D22: =($B$15^C22)/(C22*(FACT(C22))) -> 0.0027239791 | G22: 8 | H22: =($F$15^G22)/(G22*(FACT(G22))) -> 4.7251919e-10
C23: 9 | D23: =($B$15^C23)/(C23*(FACT(C23))) -> -0.00062774827 | G23: 9 | H23: =($F$15^G23)/(G23*(FACT(G23))) -> -1.5556187e-11
C24: 10 | D24: =($B$15^C24)/(C24*(FACT(C24))) -> 0.00013182714 | G24: 10 | H24: =($F$15^G24)/(G24*(FACT(G24))) -> 4.6668562e-13
C25: 11 | D25: =($B$15^C25)/(C25*(FACT(C25))) -> -2.5421211e-05 | G25: 11 | H25: =($F$15^G25)/(G25*(FACT(G25))) -> -1.2856353e-14
C26: 12 | D26: =($B$15^C26)/(C26*(FACT(C26))) -> 4.5310955e-06 | G26: 12 | H26: =($F$15^G26)/(G26*(FACT(G26))) -> 3.2736085e-16
C27: 13 | D27: =($B$15^C27)/(C27*(FACT(C27))) -> -7.5071404e-07 | G27: 13 | H27: =($F$15^G27)/(G27*(FACT(G27))) -> -7.7481857e-18
... C34: 20 | D34: =($B$15^C34)/(C34*(FACT(C34))) -> 4.7030662e-13 | G34: 20 | H34: =($F$15^G34)/(G34*(FACT(G34))) -> 5.8941379e-30

Sheet Trapezoidal Rule
A1: Total Length | B1: 30
A2: Total Points | B2: 61
A3: Result Force | B3: =(($B$67-$B$7)/(2*$B$2))*(($C$7+$C$67)+(2*SUM($C$8:$C$66))) -> 1451.2842
A4: Application Point | B4: =(($B$607-$B$7)/(2*$B$2))*(($D$7+$D$607)+(2*SUM($D$8:$D$606)))/$B$3 -> -0.22021811
A6: Points | B6: Length | C6: f(z) | D6: z(fz)
A7: 1 | B7: =$B$1/$B$2*A7 -> 0.49180328 | C7: =200*(B7/(5+B7))*EXP(-2*B7/$B$1) -> 17.332742 | D7: =B7*C7 -> 8.5242995
A8: 2 | B8: =$B$1/$B$2*A8 -> 0.98360656 | C8: =200*(B8/(5+B8))*EXP(-2*B8/$B$1) -> 30.790026 | D8: =B8*C8 -> 30.285271 | I8: Total Points | J8: Result Force | K8: Error
A9: 3 | B9: =$B$1/$B$2*A9 -> 1.4754098 | C9: =200*(B9/(5+B9))*EXP(-2*B9/$B$1) -> 41.300748 | D9: =B9*C9 -> 60.93553 | I9: 61 | J9: 1451.28 | K9: =(ABS(J9-'Hand Calculation'!$B$1)/'Hand Calculation'!$B$1) -> 0.019781915
A10: 4 | B10: =$B$1/$B$2*A10 -> 1.9672131 | C10: =200*(B10/(5+B10))*EXP(-2*B10/$B$1) -> 49.529696 | D10: =B10*C10 -> 97.435467 | I10: 101 | J10: 1463.99 | K10: =(ABS(J10-'Hand Calculation'!$B$1)/'Hand Calculation'!$B$1) -> 0.011197375
A11: 5 | B11: =$B$1/$B$2*A11 -> 2.4590164 | C11: =200*(B11/(5+B11))*EXP(-2*B11/$B$1) -> 55.964682 | D11: =B11*C11 -> 137.61807 | I11: 201 | J11: 1472.7 | K11: =(ABS(J11-'Hand Calculation'!$B$1)/'Hand Calculation'!$B$1) -> 0.0053144993
A12: 6 | B12: =$B$1/$B$2*A12 -> 2.9508197 | C12: =200*(B12/(5+B12))*EXP(-2*B12/$B$1) -> 60.971346 | D12: =B12*C12 -> 179.91545 | I12: 601 | J12: 1478.05 | K12: =(ABS(J12-'Hand Calculation'!$B$1)/'Hand Calculation'!$B$1) -> 0.0017010224
A13: 7 | B13: =$B$1/$B$2*A13 -> 3.442623 | C13: =200*(B13/(5+B13))*EXP(-2*B13/$B$1) -> 64.82879 | D13: =B13*C13 -> 223.18108
A14: 8 | B14: =$B$1/$B$2*A14 -> 3.9344262 | C14: =200*(B14/(5+B14))*EXP(-2*B14/$B$1) -> 67.753452 | D14: =B14*C14 -> 266.57096
A15: 9 | B15: =$B$1/$B$2*A15 -> 4.4262295 | C15: =200*(B15/(5+B15))*EXP(-2*B15/$B$1) -> 69.915496 | D15: =B15*C15 -> 309.46203
A16: 10 | B16: =$B$1/$B$2*A16 -> 4.9180328 | C16: =200*(B16/(5+B16))*EXP(-2*B16/$B$1) -> 71.450331 | D16: =B16*C16 -> 351.39507
A17: 11 | B17: =$B$1/$B$2*A17 -> 5.4098361 | C17: =200*(B17/(5+B17))*EXP(-2*B17/$B$1) -> 72.466855 | D17: =B17*C17 -> 392.03381
A18: 12 | B18: =$B$1/$B$2*A18 -> 5.9016393 | C18: =200*(B18/(5+B18))*EXP(-2*B18/$B$1) -> 73.053477 | D18: =B18*C18 -> 431.13527
A19: 13 | B19: =$B$1/$B$2*A19 -> 6.3934426 | C19: =200*(B19/(5+B19))*EXP(-2*B19/$B$1) -> 73.282567 | D19: =B19*C19 -> 468.52789
A20: 14 | B20: =$B$1/$B$2*A20 -> 6.8852459 | C20: =200*(B20/(5+B20))*EXP(-2*B20/$B$1) -> 73.213807 | D20: =B20*C20 -> 504.09507
A21: 15 | B21: =$B$1/$B$2*A21 -> 7.3770492 | C21: =200*(B21/(5+B21))*EXP(-2*B21/$B$1) -> 72.89674 | D21: =B21*C21 -> 537.76284
A22: 16 | B22: =$B$1/$B$2*A22 -> 7.8688525 | C22: =200*(B22/(5+B22))*EXP(-2*B22/$B$1) -> 72.372731 | D22: =B22*C22 -> 569.49034
A23: 17 | B23: =$B$1/$B$2*A23 -> 8.3606557 | C23: =200*(B23/(5+B23))*EXP(-2*B23/$B$1) -> 71.676499 | D23: =B23*C23 -> 599.26254
A24: 18 | B24: =$B$1/$B$2*A24 -> 8.852459 | C24: =200*(B24/(5+B24))*EXP(-2*B24/$B$1) -> 70.837317 | D24: =B24*C24 -> 627.08445
... A67: 61 | B67: =$B$1/$B$2*A67 -> 30 | C67: =200*(B67/(5+B67))*EXP(-2*B67/$B$1) -> 23.200334 | D67: =B67*C67 -> 696.01003

Sheet Simpson 1_3
A1: Total Length | B1: 30
A2: Total Points | B2: 601
A3: Result Force | B3: {=($B$607-$B$7)/(3*$B$2) * ($C$7 + $C$607+ 4*SUM(IF(MOD(ROW($A$8:$A$606)-ROW($A$7),2)=1,$C$8:$C$606,0)) + 2*SUM(IF(MOD(ROW($A$8:$A$606)-ROW($A$7),2)=0,$C$8:$C$606,0)))} -> 1478.0557
A4: Application Point | B4: {=(($B$67-$B$7)/(3*$B$2))*(($D$7+$D$67)+(4*SUM(IF(MOD(ROW($D$7:$D$66),2)=0,$D$7:$D$66,0)))+(2*SUM(IF(MOD(ROW($D$7:$D$66),2)=1,$D$7:$D$66,1))))/B3} -> 0.015228391
A6: Point | B6: Length | C6: f(z) | D6: z(fz)
A7: 1 | B7: =$B$1/$B$2*A7 -> 0.049916805 | C7: =200*(B7/(5+B7))*EXP(-2*B7/$B$1) -> 1.9703679 | D7: =B7*C7 -> 0.098354469
A8: 2 | B8: =$B$1/$B$2*A8 -> 0.099833611 | C8: =200*(B8/(5+B8))*EXP(-2*B8/$B$1) -> 3.8892001 | D8: =B8*C8 -> 0.38827289 | I8: Total Points | J8: Result Force | K8: Error
A9: 3 | B9: =$B$1/$B$2*A9 -> 0.14975042 | C9: =200*(B9/(5+B9))*EXP(-2*B9/$B$1) -> 5.7580593 | D9: =B9*C9 -> 0.86227178 | I9: 61 | J9: 1451.92 | K9: =(ABS(J9-'Hand Calculation'!$B$1)/'Hand Calculation'!$B$1) -> 0.019349649
A10: 4 | B10: =$B$1/$B$2*A10 -> 0.19966722 | C10: =200*(B10/(5+B10))*EXP(-2*B10/$B$1) -> 7.5784478 | D10: =B10*C10 -> 1.5131676 | I10: 101 | J10: 1464.25 | K10: =(ABS(J10-'Hand Calculation'!$B$1)/'Hand Calculation'!$B$1) -> 0.011021767
A11: 5 | B11: =$B$1/$B$2*A11 -> 0.24958403 | C11: =200*(B11/(5+B11))*EXP(-2*B11/$B$1) -> 9.3518104 | D11: =B11*C11 -> 2.3340625 | I11: 201 | J11: 1472.77 | K11: =(ABS(J11-'Hand Calculation'!$B$1)/'Hand Calculation'!$B$1) -> 0.0052672201
A12: 6 | B12: =$B$1/$B$2*A12 -> 0.29950083 | C12: =200*(B12/(5+B12))*EXP(-2*B12/$B$1) -> 11.079537 | D12: =B12*C12 -> 3.3183307 | I12: 601 | J12: 1478.06 | K12: =(ABS(J12-'Hand Calculation'!$B$1)/'Hand Calculation'!$B$1) -> 0.0016942682
A13: 7 | B13: =$B$1/$B$2*A13 -> 0.34941764 | C13: =200*(B13/(5+B13))*EXP(-2*B13/$B$1) -> 12.762967 | D13: =B13*C13 -> 4.4596057
A14: 8 | B14: =$B$1/$B$2*A14 -> 0.39933444 | C14: =200*(B14/(5+B14))*EXP(-2*B14/$B$1) -> 14.403387 | D14: =B14*C14 -> 5.7517684
A15: 9 | B15: =$B$1/$B$2*A15 -> 0.44925125 | C15: =200*(B15/(5+B15))*EXP(-2*B15/$B$1) -> 16.002038 | D15: =B15*C15 -> 7.1889356
A16: 10 | B16: =$B$1/$B$2*A16 -> 0.49916805 | C16: =200*(B16/(5+B16))*EXP(-2*B16/$B$1) -> 17.560116 | D16: =B16*C16 -> 8.7654491
A17: 11 | B17: =$B$1/$B$2*A17 -> 0.54908486 | C17: =200*(B17/(5+B17))*EXP(-2*B17/$B$1) -> 19.078774 | D17: =B17*C17 -> 10.475866
A18: 12 | B18: =$B$1/$B$2*A18 -> 0.59900166 | C18: =200*(B18/(5+B18))*EXP(-2*B18/$B$1) -> 20.559122 | D18: =B18*C18 -> 12.314948
A19: 13 | B19: =$B$1/$B$2*A19 -> 0.64891847 | C19: =200*(B19/(5+B19))*EXP(-2*B19/$B$1) -> 22.00223 | D19: =B19*C19 -> 14.277654
A20: 14 | B20: =$B$1/$B$2*A20 -> 0.69883527 | C20: =200*(B20/(5+B20))*EXP(-2*B20/$B$1) -> 23.409134 | D20: =B20*C20 -> 16.359129
A21: 15 | B21: =$B$1/$B$2*A21 -> 0.74875208 | C21: =200*(B21/(5+B21))*EXP(-2*B21/$B$1) -> 24.780831 | D21: =B21*C21 -> 18.554699
A22: 16 | B22: =$B$1/$B$2*A22 -> 0.79866889 | C22: =200*(B22/(5+B22))*EXP(-2*B22/$B$1) -> 26.118283 | D22: =B22*C22 -> 20.85986
A23: 17 | B23: =$B$1/$B$2*A23 -> 0.84858569 | C23: =200*(B23/(5+B23))*EXP(-2*B23/$B$1) -> 27.422419 | D23: =B23*C23 -> 23.270273
A24: 18 | B24: =$B$1/$B$2*A24 -> 0.8985025 | C24: =200*(B24/(5+B24))*EXP(-2*B24/$B$1) -> 28.694139 | D24: =B24*C24 -> 25.781756
... A607: 601 | B607: =$B$1/$B$2*A607 -> 30 | C607: =200*(B607/(5+B607))*EXP(-2*B607/$B$1) -> 23.200334 | D607: =B607*C607 -> 696.01003

Sheet Simpson 3_8
A1: Total Length | B1: 30
A2: Total Points | B2: 601
A3: Result Force | B3: {=(3*($B$607-$B$7)/(8*$B$2))* ($C$7+$C$607 +3*SUM(IF(MOD(ROW($A$8:$A$606)-ROW($A$7),3)<>0,$C$8:$C$606,0)) +2*SUM(IF(MOD(ROW($A$8:$A$606)-ROW($A$7),3)=0,$C$8:$C$606,0)))} -> 1478.0557
A4: Application Point | B4: {=(3*($B$67-$B$7)/(8*$B$2))* ($D$7+$D$67 +3*SUM(IF(MOD(ROW($A$8:$A$66)-ROW($A$7),3)<>0,$D$8:$D$66,0)) +2*SUM(IF(MOD(ROW($A$8:$A$66)-ROW($A$7),3)=0,$D$8:$D$66,0)))/B3} -> 0.015160738
A6: Point | B6: Length | C6: f(z) | D6: z(fz)
A7: 1 | B7: =$B$1/$B$2*A7 -> 0.049916805 | C7: =200*(B7/(5+B7))*EXP(-2*B7/$B$1) -> 1.9703679 | D7: =B7*C7 -> 0.098354469
A8: 2 | B8: =$B$1/$B$2*A8 -> 0.099833611 | C8: =200*(B8/(5+B8))*EXP(-2*B8/$B$1) -> 3.8892001 | D8: =B8*C8 -> 0.38827289 | I8: Total Points | J8: Result Force | K8: Error
A9: 3 | B9: =$B$1/$B$2*A9 -> 0.14975042 | C9: =200*(B9/(5+B9))*EXP(-2*B9/$B$1) -> 5.7580593 | D9: =B9*C9 -> 0.86227178 | I9: 61 | J9: 1451.92 | K9: =(ABS(J9-'Hand Calculation'!$B$1)/'Hand Calculation'!$B$1) -> 0.019349649
A10: 4 | B10: =$B$1/$B$2*A10 -> 0.19966722 | C10: =200*(B10/(5+B10))*EXP(-2*B10/$B$1) -> 7.5784478 | D10: =B10*C10 -> 1.5131676 | I10: 101 | J10: 1462.53 | K10: =(ABS(J10-'Hand Calculation'!$B$1)/'Hand Calculation'!$B$1) -> 0.012183482
A11: 5 | B11: =$B$1/$B$2*A11 -> 0.24958403 | C11: =200*(B11/(5+B11))*EXP(-2*B11/$B$1) -> 9.3518104 | D11: =B11*C11 -> 2.3340625 | I11: 201 | J11: 1472.34 | K11: =(ABS(J11-'Hand Calculation'!$B$1)/'Hand Calculation'!$B$1) -> 0.0055576491
A12: 6 | B12: =$B$1/$B$2*A12 -> 0.29950083 | C12: =200*(B12/(5+B12))*EXP(-2*B12/$B$1) -> 11.079537 | D12: =B12*C12 -> 3.3183307 | I12: 601 | J12: 1478.06 | K12: =(ABS(J12-'Hand Calculation'!$B$1)/'Hand Calculation'!$B$1) -> 0.0016942682
A13: 7 | B13: =$B$1/$B$2*A13 -> 0.34941764 | C13: =200*(B13/(5+B13))*EXP(-2*B13/$B$1) -> 12.762967 | D13: =B13*C13 -> 4.4596057
A14: 8 | B14: =$B$1/$B$2*A14 -> 0.39933444 | C14: =200*(B14/(5+B14))*EXP(-2*B14/$B$1) -> 14.403387 | D14: =B14*C14 -> 5.7517684
A15: 9 | B15: =$B$1/$B$2*A15 -> 0.44925125 | C15: =200*(B15/(5+B15))*EXP(-2*B15/$B$1) -> 16.002038 | D15: =B15*C15 -> 7.1889356
A16: 10 | B16: =$B$1/$B$2*A16 -> 0.49916805 | C16: =200*(B16/(5+B16))*EXP(-2*B16/$B$1) -> 17.560116 | D16: =B16*C16 -> 8.7654491
A17: 11 | B17: =$B$1/$B$2*A17 -> 0.54908486 | C17: =200*(B17/(5+B17))*EXP(-2*B17/$B$1) -> 19.078774 | D17: =B17*C17 -> 10.475866
A18: 12 | B18: =$B$1/$B$2*A18 -> 0.59900166 | C18: =200*(B18/(5+B18))*EXP(-2*B18/$B$1) -> 20.559122 | D18: =B18*C18 -> 12.314948
A19: 13 | B19: =$B$1/$B$2*A19 -> 0.64891847 | C19: =200*(B19/(5+B19))*EXP(-2*B19/$B$1) -> 22.00223 | D19: =B19*C19 -> 14.277654
A20: 14 | B20: =$B$1/$B$2*A20 -> 0.69883527 | C20: =200*(B20/(5+B20))*EXP(-2*B20/$B$1) -> 23.409134 | D20: =B20*C20 -> 16.359129
A21: 15 | B21: =$B$1/$B$2*A21 -> 0.74875208 | C21: =200*(B21/(5+B21))*EXP(-2*B21/$B$1) -> 24.780831 | D21: =B21*C21 -> 18.554699
A22: 16 | B22: =$B$1/$B$2*A22 -> 0.79866889 | C22: =200*(B22/(5+B22))*EXP(-2*B22/$B$1) -> 26.118283 | D22: =B22*C22 -> 20.85986
A23: 17 | B23: =$B$1/$B$2*A23 -> 0.84858569 | C23: =200*(B23/(5+B23))*EXP(-2*B23/$B$1) -> 27.422419 | D23: =B23*C23 -> 23.270273
A24: 18 | B24: =$B$1/$B$2*A24 -> 0.8985025 | C24: =200*(B24/(5+B24))*EXP(-2*B24/$B$1) -> 28.694139 | D24: =B24*C24 -> 25.781756
... A607: 601 | B607: =$B$1/$B$2*A607 -> 30 | C607: =200*(B607/(5+B607))*EXP(-2*B607/$B$1) -> 23.200334 | D607: =B607*C607 -> 696.01003
